{
    "Overall Acc": 0.7124249954223633,
    "Mean Acc": 0.2514571817464222,
    "FreqW Acc": 0.537946419207747,
    "Mean IoU": 0.18755338433684784,
    "Class IoU": {
        "0": 0.7056123682593761,
        "1": 0.12194349851744496,
        "2": 0.6066751980014101,
        "3": 0.0,
        "4": 0.0028357153089911625,
        "5": 2.596391016487083e-05,
        "6": 0.01212290165691258,
        "7": 0.6774839181727709,
        "8": 0.0015011511743232213,
        "9": 0.22533423817929712,
        "10": 0.0,
        "11": 0.5498667518666369,
        "12": 0.0,
        "13": 0.0,
        "14": 0.0,
        "15": 0.007182452808321182,
        "16": 0.27782337587076383
    }
}